# reference	rolex_model	dial / bracelet (from rolex.com)
126610LN	m126610ln-0001	Black / Oyster
126610LV	m126610lv-0002	Black / Oyster
124060	m124060-0001	Black / Oyster
126710BLNR	m126710blnr-0002	Black / Jubilee
126720VTNR	m126720vtnr-0002	Black / Jubilee
126500LN	m126500ln-0001	White / Oyster
124270	m124270-0001	Black / Oyster
226570	m226570-0001	White / Oyster
126334	m126334-0002	Bright blue / Jubilee
228238	m228238-0003	Champagne / President
126600	m126600-0002	Intense black / Oyster
136660	m136660-0006	Intense black / Oyster
